{"meta":{"version":1,"warehouse":"3.0.2"},"models":{"Asset":[{"_id":"themes/gal/source/js/bootstrap-hover-dropdown.min.js","path":"js/bootstrap-hover-dropdown.min.js","modified":0,"renderable":1},{"_id":"themes/gal/source/css/aos.css","path":"css/aos.css","modified":0,"renderable":1},{"_id":"themes/gal/source/css/style.scss","path":"css/style.scss","modified":0,"renderable":1},{"_id":"themes/gal/source/fonts/glyphicons-halflings-regular.eot","path":"fonts/glyphicons-halflings-regular.eot","modified":0,"renderable":1},{"_id":"themes/gal/source/fonts/glyphicons-halflings-regular.ttf","path":"fonts/glyphicons-halflings-regular.ttf","modified":0,"renderable":1},{"_id":"themes/gal/source/fonts/glyphicons-halflings-regular.woff","path":"fonts/glyphicons-halflings-regular.woff","modified":0,"renderable":1},{"_id":"themes/gal/source/fonts/glyphicons-halflings-regular.woff2","path":"fonts/glyphicons-halflings-regular.woff2","modified":0,"renderable":1},{"_id":"themes/gal/source/imgs/mouse1.cur","path":"imgs/mouse1.cur","modified":0,"renderable":1},{"_id":"themes/gal/source/imgs/mouse2.cur","path":"imgs/mouse2.cur","modified":0,"renderable":1},{"_id":"themes/gal/source/imgs/oni.mp3","path":"imgs/oni.mp3","modified":0,"renderable":1},{"_id":"themes/gal/source/imgs/xsbg.gif","path":"imgs/xsbg.gif","modified":0,"renderable":1},{"_id":"themes/gal/source/js/activate-power-mode.js","path":"js/activate-power-mode.js","modified":0,"renderable":1},{"_id":"themes/gal/source/js/aos.js","path":"js/aos.js","modified":0,"renderable":1},{"_id":"themes/gal/source/js/blog.js","path":"js/blog.js","modified":0,"renderable":1},{"_id":"themes/gal/source/js/bootstrap.min.js","path":"js/bootstrap.min.js","modified":0,"renderable":1},{"_id":"themes/gal/source/js/hs.js","path":"js/hs.js","modified":0,"renderable":1},{"_id":"themes/gal/source/js/oni.js","path":"js/oni.js","modified":0,"renderable":1},{"_id":"themes/gal/source/css/bootstrap.min.css","path":"css/bootstrap.min.css","modified":0,"renderable":1},{"_id":"themes/gal/source/fonts/fontawesome-webfont.woff","path":"fonts/fontawesome-webfont.woff","modified":0,"renderable":1},{"_id":"themes/gal/source/fonts/fontawesome-webfont.woff2","path":"fonts/fontawesome-webfont.woff2","modified":0,"renderable":1},{"_id":"themes/gal/source/fonts/glyphicons-halflings-regular.svg","path":"fonts/glyphicons-halflings-regular.svg","modified":0,"renderable":1},{"_id":"themes/gal/source/imgs/avatar.jpg","path":"imgs/avatar.jpg","modified":0,"renderable":1},{"_id":"themes/gal/source/js/jquery.min.js","path":"js/jquery.min.js","modified":0,"renderable":1},{"_id":"themes/gal/source/fonts/FontAwesome.otf","path":"fonts/FontAwesome.otf","modified":0,"renderable":1},{"_id":"themes/gal/source/fonts/fontawesome-webfont.eot","path":"fonts/fontawesome-webfont.eot","modified":0,"renderable":1},{"_id":"themes/gal/source/fonts/fontawesome-webfont.ttf","path":"fonts/fontawesome-webfont.ttf","modified":0,"renderable":1},{"_id":"themes/gal/source/imgs/oni/oni1.jpg","path":"imgs/oni/oni1.jpg","modified":0,"renderable":1},{"_id":"themes/gal/source/imgs/oni/oni2.jpg","path":"imgs/oni/oni2.jpg","modified":0,"renderable":1},{"_id":"themes/gal/source/imgs/oni/oni3.jpg","path":"imgs/oni/oni3.jpg","modified":0,"renderable":1},{"_id":"themes/gal/source/imgs/oni/oni4.jpg","path":"imgs/oni/oni4.jpg","modified":0,"renderable":1},{"_id":"themes/gal/source/imgs/oni/oni5.jpg","path":"imgs/oni/oni5.jpg","modified":0,"renderable":1},{"_id":"themes/gal/source/imgs/oni/oni6.jpg","path":"imgs/oni/oni6.jpg","modified":0,"renderable":1},{"_id":"themes/gal/source/imgs/smilies/1.png","path":"imgs/smilies/1.png","modified":0,"renderable":1},{"_id":"themes/gal/source/imgs/smilies/10.png","path":"imgs/smilies/10.png","modified":0,"renderable":1},{"_id":"themes/gal/source/imgs/smilies/11.png","path":"imgs/smilies/11.png","modified":0,"renderable":1},{"_id":"themes/gal/source/imgs/smilies/12.png","path":"imgs/smilies/12.png","modified":0,"renderable":1},{"_id":"themes/gal/source/imgs/smilies/13.png","path":"imgs/smilies/13.png","modified":0,"renderable":1},{"_id":"themes/gal/source/imgs/smilies/14.png","path":"imgs/smilies/14.png","modified":0,"renderable":1},{"_id":"themes/gal/source/imgs/smilies/15.png","path":"imgs/smilies/15.png","modified":0,"renderable":1},{"_id":"themes/gal/source/imgs/smilies/16.png","path":"imgs/smilies/16.png","modified":0,"renderable":1},{"_id":"themes/gal/source/imgs/smilies/17.png","path":"imgs/smilies/17.png","modified":0,"renderable":1},{"_id":"themes/gal/source/imgs/smilies/18.png","path":"imgs/smilies/18.png","modified":0,"renderable":1},{"_id":"themes/gal/source/imgs/smilies/19.png","path":"imgs/smilies/19.png","modified":0,"renderable":1},{"_id":"themes/gal/source/imgs/smilies/2.png","path":"imgs/smilies/2.png","modified":0,"renderable":1},{"_id":"themes/gal/source/imgs/smilies/20.png","path":"imgs/smilies/20.png","modified":0,"renderable":1},{"_id":"themes/gal/source/imgs/smilies/21.png","path":"imgs/smilies/21.png","modified":0,"renderable":1},{"_id":"themes/gal/source/imgs/smilies/22.png","path":"imgs/smilies/22.png","modified":0,"renderable":1},{"_id":"themes/gal/source/imgs/smilies/23.png","path":"imgs/smilies/23.png","modified":0,"renderable":1},{"_id":"themes/gal/source/imgs/smilies/24.png","path":"imgs/smilies/24.png","modified":0,"renderable":1},{"_id":"themes/gal/source/imgs/smilies/25.png","path":"imgs/smilies/25.png","modified":0,"renderable":1},{"_id":"themes/gal/source/imgs/smilies/3.png","path":"imgs/smilies/3.png","modified":0,"renderable":1},{"_id":"themes/gal/source/imgs/smilies/4.png","path":"imgs/smilies/4.png","modified":0,"renderable":1},{"_id":"themes/gal/source/imgs/smilies/5.png","path":"imgs/smilies/5.png","modified":0,"renderable":1},{"_id":"themes/gal/source/imgs/smilies/6.png","path":"imgs/smilies/6.png","modified":0,"renderable":1},{"_id":"themes/gal/source/imgs/smilies/7.png","path":"imgs/smilies/7.png","modified":0,"renderable":1},{"_id":"themes/gal/source/imgs/smilies/8.png","path":"imgs/smilies/8.png","modified":0,"renderable":1},{"_id":"themes/gal/source/imgs/smilies/9.png","path":"imgs/smilies/9.png","modified":0,"renderable":1},{"_id":"themes/gal/source/js/comment/gitment.js","path":"js/comment/gitment.js","modified":0,"renderable":1},{"_id":"themes/gal/source/js/comment/leancloud.js","path":"js/comment/leancloud.js","modified":0,"renderable":1},{"_id":"themes/gal/source/js/highslide/highslide-full.packed.js","path":"js/highslide/highslide-full.packed.js","modified":0,"renderable":1},{"_id":"themes/gal/source/js/highslide/highslide-ie6.css","path":"js/highslide/highslide-ie6.css","modified":0,"renderable":1},{"_id":"themes/gal/source/js/highslide/highslide-with-gallery.min.js","path":"js/highslide/highslide-with-gallery.min.js","modified":0,"renderable":1},{"_id":"themes/gal/source/js/highslide/highslide-with-gallery.packed.js","path":"js/highslide/highslide-with-gallery.packed.js","modified":0,"renderable":1},{"_id":"themes/gal/source/js/highslide/highslide-with-html.min.js","path":"js/highslide/highslide-with-html.min.js","modified":0,"renderable":1},{"_id":"themes/gal/source/js/highslide/highslide-with-html.packed.js","path":"js/highslide/highslide-with-html.packed.js","modified":0,"renderable":1},{"_id":"themes/gal/source/js/highslide/highslide.css","path":"js/highslide/highslide.css","modified":0,"renderable":1},{"_id":"themes/gal/source/js/highslide/highslide.js","path":"js/highslide/highslide.js","modified":0,"renderable":1},{"_id":"themes/gal/source/js/highslide/highslide.min.js","path":"js/highslide/highslide.min.js","modified":0,"renderable":1},{"_id":"themes/gal/source/js/highslide/highslide.packed.js","path":"js/highslide/highslide.packed.js","modified":0,"renderable":1},{"_id":"themes/gal/source/imgs/slide/background2.jpg","path":"imgs/slide/background2.jpg","modified":0,"renderable":1},{"_id":"themes/gal/source/imgs/slide/background5.jpg","path":"imgs/slide/background5.jpg","modified":0,"renderable":1},{"_id":"themes/gal/source/js/highslide/highslide-full.js","path":"js/highslide/highslide-full.js","modified":0,"renderable":1},{"_id":"themes/gal/source/js/highslide/highslide-full.min.js","path":"js/highslide/highslide-full.min.js","modified":0,"renderable":1},{"_id":"themes/gal/source/js/highslide/highslide-with-gallery.js","path":"js/highslide/highslide-with-gallery.js","modified":0,"renderable":1},{"_id":"themes/gal/source/js/highslide/highslide-with-html.js","path":"js/highslide/highslide-with-html.js","modified":0,"renderable":1},{"_id":"themes/gal/source/imgs/slide/background3.jpg","path":"imgs/slide/background3.jpg","modified":0,"renderable":1},{"_id":"themes/gal/source/js/highslide/graphics/close.png","path":"js/highslide/graphics/close.png","modified":0,"renderable":1},{"_id":"themes/gal/source/js/highslide/graphics/closeX.png","path":"js/highslide/graphics/closeX.png","modified":0,"renderable":1},{"_id":"themes/gal/source/js/highslide/graphics/controlbar-black-border.gif","path":"js/highslide/graphics/controlbar-black-border.gif","modified":0,"renderable":1},{"_id":"themes/gal/source/js/highslide/graphics/controlbar-text-buttons.png","path":"js/highslide/graphics/controlbar-text-buttons.png","modified":0,"renderable":1},{"_id":"themes/gal/source/js/highslide/graphics/controlbar-white-small.gif","path":"js/highslide/graphics/controlbar-white-small.gif","modified":0,"renderable":1},{"_id":"themes/gal/source/js/highslide/graphics/controlbar-white.gif","path":"js/highslide/graphics/controlbar-white.gif","modified":0,"renderable":1},{"_id":"themes/gal/source/js/highslide/graphics/controlbar2.gif","path":"js/highslide/graphics/controlbar2.gif","modified":0,"renderable":1},{"_id":"themes/gal/source/js/highslide/graphics/controlbar3.gif","path":"js/highslide/graphics/controlbar3.gif","modified":0,"renderable":1},{"_id":"themes/gal/source/js/highslide/graphics/controlbar4-hover.gif","path":"js/highslide/graphics/controlbar4-hover.gif","modified":0,"renderable":1},{"_id":"themes/gal/source/js/highslide/graphics/controlbar4.gif","path":"js/highslide/graphics/controlbar4.gif","modified":0,"renderable":1},{"_id":"themes/gal/source/js/highslide/graphics/fullexpand.gif","path":"js/highslide/graphics/fullexpand.gif","modified":0,"renderable":1},{"_id":"themes/gal/source/js/highslide/graphics/geckodimmer.png","path":"js/highslide/graphics/geckodimmer.png","modified":0,"renderable":1},{"_id":"themes/gal/source/js/highslide/graphics/icon.gif","path":"js/highslide/graphics/icon.gif","modified":0,"renderable":1},{"_id":"themes/gal/source/js/highslide/graphics/loader.gif","path":"js/highslide/graphics/loader.gif","modified":0,"renderable":1},{"_id":"themes/gal/source/js/highslide/graphics/loader.white.gif","path":"js/highslide/graphics/loader.white.gif","modified":0,"renderable":1},{"_id":"themes/gal/source/js/highslide/graphics/resize.gif","path":"js/highslide/graphics/resize.gif","modified":0,"renderable":1},{"_id":"themes/gal/source/js/highslide/graphics/scrollarrows.png","path":"js/highslide/graphics/scrollarrows.png","modified":0,"renderable":1},{"_id":"themes/gal/source/js/highslide/graphics/zoomin.cur","path":"js/highslide/graphics/zoomin.cur","modified":0,"renderable":1},{"_id":"themes/gal/source/js/highslide/graphics/zoomout.cur","path":"js/highslide/graphics/zoomout.cur","modified":0,"renderable":1},{"_id":"themes/gal/source/imgs/slide/background4.jpg","path":"imgs/slide/background4.jpg","modified":0,"renderable":1},{"_id":"themes/gal/source/js/highslide/graphics/outlines/beveled.png","path":"js/highslide/graphics/outlines/beveled.png","modified":0,"renderable":1},{"_id":"themes/gal/source/js/highslide/graphics/outlines/drop-shadow.png","path":"js/highslide/graphics/outlines/drop-shadow.png","modified":0,"renderable":1},{"_id":"themes/gal/source/js/highslide/graphics/outlines/glossy-dark.png","path":"js/highslide/graphics/outlines/glossy-dark.png","modified":0,"renderable":1},{"_id":"themes/gal/source/js/highslide/graphics/outlines/outer-glow.png","path":"js/highslide/graphics/outlines/outer-glow.png","modified":0,"renderable":1},{"_id":"themes/gal/source/js/highslide/graphics/outlines/rounded-black.png","path":"js/highslide/graphics/outlines/rounded-black.png","modified":0,"renderable":1},{"_id":"themes/gal/source/js/highslide/graphics/outlines/rounded-white.png","path":"js/highslide/graphics/outlines/rounded-white.png","modified":0,"renderable":1},{"_id":"themes/gal/source/imgs/preview/preview1.jpg","path":"imgs/preview/preview1.jpg","modified":0,"renderable":1},{"_id":"themes/gal/source/imgs/preview/preview3.jpg","path":"imgs/preview/preview3.jpg","modified":0,"renderable":1},{"_id":"themes/gal/source/imgs/preview/preview4.jpg","path":"imgs/preview/preview4.jpg","modified":0,"renderable":1},{"_id":"themes/gal/source/imgs/slide/background6.jpg","path":"imgs/slide/background6.jpg","modified":0,"renderable":1},{"_id":"themes/gal/source/fonts/fontawesome-webfont.svg","path":"fonts/fontawesome-webfont.svg","modified":0,"renderable":1},{"_id":"themes/gal/source/imgs/slide/background1.jpg","path":"imgs/slide/background1.jpg","modified":0,"renderable":1},{"_id":"themes/gal/source/imgs/preview/preview2.jpg","path":"imgs/preview/preview2.jpg","modified":0,"renderable":1},{"_id":"themes/gal/source/js/highslide/graphics/outlines/Outlines.psd","path":"js/highslide/graphics/outlines/Outlines.psd","modified":0,"renderable":1},{"_id":"themes/Butterfly/source/css/index.styl","path":"css/index.styl","modified":0,"renderable":1},{"_id":"themes/Butterfly/source/css/var.styl","path":"css/var.styl","modified":0,"renderable":1},{"_id":"themes/Butterfly/source/img/404.jpg","path":"img/404.jpg","modified":0,"renderable":1},{"_id":"themes/Butterfly/source/img/algolia.svg","path":"img/algolia.svg","modified":0,"renderable":1},{"_id":"themes/Butterfly/source/img/favicon.png","path":"img/favicon.png","modified":0,"renderable":1},{"_id":"themes/Butterfly/source/img/friend_404.gif","path":"img/friend_404.gif","modified":0,"renderable":1},{"_id":"themes/Butterfly/source/img/icp.png","path":"img/icp.png","modified":0,"renderable":1},{"_id":"themes/Butterfly/source/img/loading.gif","path":"img/loading.gif","modified":0,"renderable":1},{"_id":"themes/Butterfly/source/js/main.js","path":"js/main.js","modified":0,"renderable":1},{"_id":"themes/Butterfly/source/js/tw_cn.js","path":"js/tw_cn.js","modified":0,"renderable":1},{"_id":"themes/Butterfly/source/js/utils.js","path":"js/utils.js","modified":0,"renderable":1},{"_id":"themes/Butterfly/source/js/search/algolia.js","path":"js/search/algolia.js","modified":0,"renderable":1},{"_id":"themes/Butterfly/source/js/search/local-search.js","path":"js/search/local-search.js","modified":0,"renderable":1},{"_id":"themes/Butterfly/source/js/third-party/ClickShowText.js","path":"js/third-party/ClickShowText.js","modified":0,"renderable":1},{"_id":"themes/Butterfly/source/js/third-party/canvas-nest.js","path":"js/third-party/canvas-nest.js","modified":0,"renderable":1},{"_id":"themes/Butterfly/source/js/third-party/canvas-ribbon.js","path":"js/third-party/canvas-ribbon.js","modified":0,"renderable":1},{"_id":"themes/Butterfly/source/js/third-party/click_heart.js","path":"js/third-party/click_heart.js","modified":0,"renderable":1},{"_id":"themes/Butterfly/source/js/third-party/fireworks.js","path":"js/third-party/fireworks.js","modified":0,"renderable":1},{"_id":"themes/Butterfly/source/js/third-party/piao.js","path":"js/third-party/piao.js","modified":0,"renderable":1},{"_id":"themes/Butterfly/source/js/third-party/activate-power-mode.js","path":"js/third-party/activate-power-mode.js","modified":0,"renderable":1}],"Cache":[{"_id":"themes/gal/LICENSE","hash":"5b012df09f9dad60ec326c510496893726af4896","modified":1590656355428},{"_id":"themes/gal/README.md","hash":"734273c50814398cfb674a3f4c1028abf7ef1c2f","modified":1590656355429},{"_id":"themes/gal/_config.yml","hash":"ac4ac64cfda641b493ecdad40bec5fdb7d9ac74f","modified":1590656355430},{"_id":"themes/gal/package.json","hash":"e7f91cfe6ba940a1f2888cc94fa4a65ae8a2315a","modified":1590656355473},{"_id":"themes/gal/languages/default.yml","hash":"da39a3ee5e6b4b0d3255bfef95601890afd80709","modified":1590656355431},{"_id":"source/_posts/hello-world.md","hash":"acad91ace80b80295b11a9b7ad4c29a2dcfdd8fb","modified":1590656139328},{"_id":"themes/gal/layout/archive.ejs","hash":"c97be36b33bb44957778587f00c978f2d28016f8","modified":1590656355447},{"_id":"themes/gal/layout/categories.ejs","hash":"5a66fb5d67cc141bdf099e9b1189d1576daba17a","modified":1590656355448},{"_id":"themes/gal/layout/category.ejs","hash":"99ba5b5a3938af83df0457c3388759e0532bb0a6","modified":1590656355449},{"_id":"themes/gal/layout/index.ejs","hash":"8963756d57af4c2b69df36105a007f4e28a6b40e","modified":1590656355450},{"_id":"themes/gal/layout/layout.ejs","hash":"b5687fb99df55ace1bbf526ac485dd4765427280","modified":1590656355451},{"_id":"themes/gal/layout/page.ejs","hash":"176c0170a9c5778ff8be99b3cfcd692b4c4a34e4","modified":1590656355452},{"_id":"themes/gal/layout/post.ejs","hash":"3c5a5c820b5b7f8dc230fcc9c607dc7e98860028","modified":1590656355455},{"_id":"themes/gal/layout/tag.ejs","hash":"65c21bc7656507774b0869eab3442d69b8d3adb4","modified":1590656355455},{"_id":"themes/gal/layout/tags.ejs","hash":"bc9d41c3fd25ee86394b2f2928bb72db1886ee62","modified":1590656355456},{"_id":"themes/gal/libs/.DS_Store","hash":"df2fbeb1400acda0909a32c1cf6bf492f1121e07","modified":1590656355458},{"_id":"themes/gal/layout/_widget/hot_categories.ejs","hash":"da39a3ee5e6b4b0d3255bfef95601890afd80709","modified":1590656355442},{"_id":"themes/gal/source/js/bootstrap-hover-dropdown.min.js","hash":"da39a3ee5e6b4b0d3255bfef95601890afd80709","modified":1590656355584},{"_id":"themes/gal/layout/_partial/archive.ejs","hash":"5e9aa99f43fbab9c22a4f29e17bd3c66d33422e7","modified":1590656355433},{"_id":"themes/gal/layout/_partial/article.ejs","hash":"0ed59746320c9fd9b417e072d347a920c7ecc72b","modified":1590656355434},{"_id":"themes/gal/layout/_partial/excerpt.ejs","hash":"ac78ef90b5d134d4d327e1d6ecf284c71addd9a5","modified":1590656355434},{"_id":"themes/gal/layout/_partial/footer.ejs","hash":"61d388b87c23d940bc10e27f31bfb7b73a3a301e","modified":1590656355435},{"_id":"themes/gal/layout/_partial/head.ejs","hash":"d3fed604f34353c2cc31fe9cb6d3e19f57920789","modified":1590656355436},{"_id":"themes/gal/layout/_partial/header.ejs","hash":"9199f231aff39eb668bb6191c3212fa47a8e5bf7","modified":1590656355436},{"_id":"themes/gal/layout/_partial/issue.ejs","hash":"c687939c2f63eff2bc8d292a6a4f48c39a8524c1","modified":1590656355437},{"_id":"themes/gal/layout/_partial/oni.ejs","hash":"50e19c7a2ae207887fe273064a685a73c1611f79","modified":1590656355438},{"_id":"themes/gal/layout/_partial/pagination.ejs","hash":"691f796160a13d42b550700f719a1cd21691cd57","modified":1590656355439},{"_id":"themes/gal/layout/_partial/sidebar.ejs","hash":"de589b7a3cf884bd5a4bc723b88d2b58cb38efc3","modified":1590656355440},{"_id":"themes/gal/layout/_partial/slideshow.ejs","hash":"d798410561ce8c4749c9f7270eea211275b1fab2","modified":1590656355440},{"_id":"themes/gal/layout/_widget/author.ejs","hash":"86d31d66bf9c90252c32adcbda16af0a2722ff0b","modified":1590656355441},{"_id":"themes/gal/layout/_widget/friend_links.ejs","hash":"5b4da02bc6d831ae256dd54fa3a46d8d0c93f0ce","modified":1590656355442},{"_id":"themes/gal/layout/_widget/hot_posts.ejs","hash":"08422b5abd73f0756bdee30b0116e6ded9df2b5c","modified":1590656355443},{"_id":"themes/gal/layout/_widget/hot_tags.ejs","hash":"13aa4c7269c40982af52d45e022b569a4aa195c4","modified":1590656355444},{"_id":"themes/gal/layout/_widget/links.ejs","hash":"e220f7dd6e348fe60735d7033b05345fe95c396c","modified":1590656355444},{"_id":"themes/gal/layout/_widget/random_posts.ejs","hash":"b4be3d276da1009990a3f40081be2cc2408167af","modified":1590656355445},{"_id":"themes/gal/layout/_widget/recent_comments.ejs","hash":"254589b529980eec3cc7610e63b244b42f232558","modified":1590656355446},{"_id":"themes/gal/layout/_widget/recent_posts.ejs","hash":"f2f57750466c1f8d84ec803051397dad8df2952d","modified":1590656355446},{"_id":"themes/gal/layout/_widget/search.ejs","hash":"3712d50a4f012bb4e267c720f8c305c19218e3e0","modified":1590656355447},{"_id":"themes/gal/layout/page/404.ejs","hash":"38a8f930b0d5973f1b371f0326c7e40578512f0e","modified":1590656355453},{"_id":"themes/gal/layout/page/search.ejs","hash":"0c79d102edd8a057e7f1a295791248c507776d16","modified":1590656355454},{"_id":"themes/gal/libs/font-awesome/_animated.scss","hash":"c3d081abee1076d36a289afc6488e676bc59f023","modified":1590656355462},{"_id":"themes/gal/libs/font-awesome/_bordered-pulled.scss","hash":"39353047bbcce4f3f706666df1547e64546932a0","modified":1590656355462},{"_id":"themes/gal/libs/font-awesome/_core.scss","hash":"2dce8814642ef0ee86c65f3d29818c17fd8951f9","modified":1590656355464},{"_id":"themes/gal/libs/font-awesome/_fixed-width.scss","hash":"f4af333866ff3c0da59493fc7077965c6e9d46ac","modified":1590656355465},{"_id":"themes/gal/libs/font-awesome/_icons.scss","hash":"303a6e9e04e91a132612f094b34cccfc90c63bec","modified":1590656355466},{"_id":"themes/gal/libs/font-awesome/_larger.scss","hash":"c5cf379c23025aa001f850bd560a87a92e4f711d","modified":1590656355466},{"_id":"themes/gal/libs/font-awesome/_list.scss","hash":"8e9c5708bd91364a749f93555ba65af3c49ff1a6","modified":1590656355467},{"_id":"themes/gal/libs/font-awesome/_mixins.scss","hash":"25b2361e654e3512c1f6024f3a8d593413611a58","modified":1590656355468},{"_id":"themes/gal/libs/font-awesome/_path.scss","hash":"011339ce07bb12a5736edd7fdbed0b7f3c63bf72","modified":1590656355469},{"_id":"themes/gal/libs/font-awesome/_rotated-flipped.scss","hash":"fd48d098af52ffff6f829e7f5a2250a9c3cfc87f","modified":1590656355469},{"_id":"themes/gal/libs/font-awesome/_screen-reader.scss","hash":"ebe3fe40059e5a2a3a3c0c0f587a2e2bc23fd1b2","modified":1590656355470},{"_id":"themes/gal/libs/font-awesome/_stacked.scss","hash":"c4fe90e7781e8b229bf2657312ba61ecf1026cab","modified":1590656355471},{"_id":"themes/gal/libs/font-awesome/_variables.scss","hash":"e2fc1b9ba5748f33ff45f8a3e6977088b83175c4","modified":1590656355472},{"_id":"themes/gal/libs/font-awesome/font-awesome.scss","hash":"6bfc7e75fd344628b06d85f7fa4d48b106334584","modified":1590656355473},{"_id":"themes/gal/source/css/_article.scss","hash":"7c0cf5e161216e45d98e5dd087b19260bf35b6d9","modified":1590656355475},{"_id":"themes/gal/source/css/_comment.scss","hash":"12ad332bedb3f5dd0e02fe931943a0c2c9f4c7c0","modified":1590656355476},{"_id":"themes/gal/source/css/_common.scss","hash":"6063f4c633ed26ff72daec0d5dd92b0274fd46bf","modified":1590656355476},{"_id":"themes/gal/source/css/_excerpt.scss","hash":"d8080f289a10a30970f9ec0e6b46d8e69205c195","modified":1590656355477},{"_id":"themes/gal/source/css/_header.scss","hash":"219e0628556b65cce709292bac032e37ab156af6","modified":1590656355478},{"_id":"themes/gal/source/css/_highlight.scss","hash":"417b48c62288c4c048e4b7bf3cbd0b192cf80a96","modified":1590656355479},{"_id":"themes/gal/source/css/_mixin.scss","hash":"4242e3474a1fe1288296310074dab4bf50823557","modified":1590656355480},{"_id":"themes/gal/source/css/_pagination.scss","hash":"c70938a6432f1c6c55a88eafe84ae6cc98b57ba4","modified":1590656355480},{"_id":"themes/gal/source/css/_sidebar.scss","hash":"c9ff4f1d901ac77f9ab9a0a0723e34f8a023c288","modified":1590656355481},{"_id":"themes/gal/source/css/_slideshow.scss","hash":"8520b213a52c9848e45d52fe4b3a4e389cf01e6e","modified":1590656355482},{"_id":"themes/gal/source/css/_variables.scss","hash":"7117855f9c93c626b932c045bb1c6f6f76fb2333","modified":1590656355482},{"_id":"themes/gal/source/css/aos.css","hash":"a4100b1b5f0dac2597f3d06cfd36a35df29d4c35","modified":1590656355484},{"_id":"themes/gal/source/css/style.scss","hash":"fb9fea87e87b94ea0c341879a7a11d02ebf8fd01","modified":1590656355486},{"_id":"themes/gal/source/fonts/.DS_Store","hash":"df2fbeb1400acda0909a32c1cf6bf492f1121e07","modified":1590656355487},{"_id":"themes/gal/source/fonts/glyphicons-halflings-regular.eot","hash":"86b6f62b7853e67d3e635f6512a5a5efc58ea3c3","modified":1590656355503},{"_id":"themes/gal/source/fonts/glyphicons-halflings-regular.ttf","hash":"44bc1850f570972267b169ae18f1cb06b611ffa2","modified":1590656355506},{"_id":"themes/gal/source/fonts/glyphicons-halflings-regular.woff","hash":"278e49a86e634da6f2a02f3b47dd9d2a8f26210f","modified":1590656355507},{"_id":"themes/gal/source/fonts/glyphicons-halflings-regular.woff2","hash":"ca35b697d99cae4d1b60f2d60fcd37771987eb07","modified":1590656355507},{"_id":"themes/gal/source/imgs/.DS_Store","hash":"d00df114e3fa27c440c8b1440c39f96dd8b0cc6e","modified":1590656355509},{"_id":"themes/gal/source/imgs/mouse1.cur","hash":"18ed6adcdcf37b0fe2c0e14d528f23c6a7417302","modified":1590656355513},{"_id":"themes/gal/source/imgs/mouse2.cur","hash":"8a9fd78a78d446316485595bad42d44330f7bee2","modified":1590656355514},{"_id":"themes/gal/source/imgs/oni.mp3","hash":"af30f8f2574679964c98927a22a5696e44be56fb","modified":1590656355515},{"_id":"themes/gal/source/imgs/xsbg.gif","hash":"0c07e169d9d07a7e8f71b9baed5942234d31f457","modified":1590656355580},{"_id":"themes/gal/source/js/.DS_Store","hash":"52da494d68842fd3e729752636d01b7c335255bb","modified":1590656355581},{"_id":"themes/gal/source/js/activate-power-mode.js","hash":"5bb12e7590fd48e1c49123001921404213b89ebe","modified":1590656355582},{"_id":"themes/gal/source/js/aos.js","hash":"3f2c66781b53b842da4e3deefd285db88bd4fbc1","modified":1590656355583},{"_id":"themes/gal/source/js/blog.js","hash":"d46f254878f1b952f9c592f5ff7414a88144f0de","modified":1590656355584},{"_id":"themes/gal/source/js/bootstrap.min.js","hash":"8fb8a9319055253d085edfc3bb72d20f614ec709","modified":1590656355585},{"_id":"themes/gal/source/js/hs.js","hash":"3df129f76e9449f45cfc1550451a0dbb89a71006","modified":1590656355634},{"_id":"themes/gal/source/js/oni.js","hash":"99e9e1bc25f898bc136e4d8d4b62e79d5e0a8eeb","modified":1590656355638},{"_id":"themes/gal/source/css/bootstrap.min.css","hash":"224c9f9ad11b495358aa61dbd53e838e9b61015b","modified":1590656355485},{"_id":"themes/gal/source/fonts/fontawesome-webfont.woff","hash":"28b782240b3e76db824e12c02754a9731a167527","modified":1590656355500},{"_id":"themes/gal/source/fonts/fontawesome-webfont.woff2","hash":"d6f48cba7d076fb6f2fd6ba993a75b9dc1ecbf0c","modified":1590656355502},{"_id":"themes/gal/source/fonts/glyphicons-halflings-regular.svg","hash":"4dcf0ab896f5417047f881de91bad10dcbda48c6","modified":1590656355504},{"_id":"themes/gal/source/imgs/avatar.jpg","hash":"6317956f59fd3760799d855931b39bae031a20d5","modified":1590656355512},{"_id":"themes/gal/source/js/jquery.min.js","hash":"67bdacbd077ee59f411109fd119ee9f58db15a5f","modified":1590656355636},{"_id":"themes/gal/source/fonts/FontAwesome.otf","hash":"048707bc52ac4b6563aaa383bfe8660a0ddc908c","modified":1590656355489},{"_id":"themes/gal/source/fonts/fontawesome-webfont.eot","hash":"d980c2ce873dc43af460d4d572d441304499f400","modified":1590656355491},{"_id":"themes/gal/source/fonts/fontawesome-webfont.ttf","hash":"13b1eab65a983c7a73bc7997c479d66943f7c6cb","modified":1590656355499},{"_id":"themes/gal/source/imgs/oni/oni1.jpg","hash":"f5a33419ad2701f7a2402a867c9652cdc5e61b98","modified":1590656355516},{"_id":"themes/gal/source/imgs/oni/oni2.jpg","hash":"4f2c0a00ee1be183bc77baeebf551fe143ff7ae7","modified":1590656355517},{"_id":"themes/gal/source/imgs/oni/oni3.jpg","hash":"f76271fd447762d4ddf6c966468a77a8971ace9e","modified":1590656355518},{"_id":"themes/gal/source/imgs/oni/oni4.jpg","hash":"92ce21f12dbe309a4674e66c048d8d75f8430fda","modified":1590656355519},{"_id":"themes/gal/source/imgs/oni/oni5.jpg","hash":"d1a83c12492e7c41ccb8a03cd5157c5397514e23","modified":1590656355520},{"_id":"themes/gal/source/imgs/oni/oni6.jpg","hash":"bb3847273571a3ccd6a63526dded82aaa1afe600","modified":1590656355521},{"_id":"themes/gal/source/imgs/smilies/1.png","hash":"b4123ae41f1f954f42515c30ed545af7706fe67e","modified":1590656355558},{"_id":"themes/gal/source/imgs/smilies/10.png","hash":"35b01e2b70df99ac7b088da02a52cdbf8507727f","modified":1590656355560},{"_id":"themes/gal/source/imgs/smilies/11.png","hash":"68a39392c1bcd626202b1a8c18577fe23790028a","modified":1590656355561},{"_id":"themes/gal/source/imgs/smilies/12.png","hash":"15c2185a9c9f7576dc34898a18bc0810d1c33780","modified":1590656355562},{"_id":"themes/gal/source/imgs/smilies/13.png","hash":"b7f4e2eba2993ead15314e5e3a1e52d03b35ff7e","modified":1590656355563},{"_id":"themes/gal/source/imgs/smilies/14.png","hash":"c16a7dfe5bff382314f2ab51a19f7118c04acf57","modified":1590656355564},{"_id":"themes/gal/source/imgs/smilies/15.png","hash":"9bc4ab8044a8ba0728b549ca98bfc9abeed21b3a","modified":1590656355564},{"_id":"themes/gal/source/imgs/smilies/16.png","hash":"3f1aca6372ba7a0e0c57777c44f01ac6fb2bf73e","modified":1590656355565},{"_id":"themes/gal/source/imgs/smilies/17.png","hash":"03f0b4d1e0b0d4334a530be68531b9a320b8ea44","modified":1590656355566},{"_id":"themes/gal/source/imgs/smilies/18.png","hash":"34df863688b2b026eb8a7d3aad122f47eafae894","modified":1590656355567},{"_id":"themes/gal/source/imgs/smilies/19.png","hash":"a5c74a5f6dc2a3b5b39c85bc0d9d74157c57c7ec","modified":1590656355567},{"_id":"themes/gal/source/imgs/smilies/2.png","hash":"b023745ae517965a226d1656bf33acdcdf246084","modified":1590656355568},{"_id":"themes/gal/source/imgs/smilies/20.png","hash":"abfa7f204aec320de0bd59f366b1935119c1f0c7","modified":1590656355569},{"_id":"themes/gal/source/imgs/smilies/21.png","hash":"fdd175985771a9c694f81199ff2733df483331cb","modified":1590656355569},{"_id":"themes/gal/source/imgs/smilies/22.png","hash":"5ba3108a366aaef568d8dd4c5208fde59f4d6331","modified":1590656355570},{"_id":"themes/gal/source/imgs/smilies/23.png","hash":"74e42f550fcb4c562a39f777a77ee4316054abd4","modified":1590656355571},{"_id":"themes/gal/source/imgs/smilies/24.png","hash":"38751e1b4ad260a7fe035d1e3e37d3fffdb5b540","modified":1590656355572},{"_id":"themes/gal/source/imgs/smilies/25.png","hash":"5009b4bd8c30d1912bde8e5fe6add4f8f12413fd","modified":1590656355573},{"_id":"themes/gal/source/imgs/smilies/3.png","hash":"b087320a3cc9725d5601d106f24d38075a5b5474","modified":1590656355574},{"_id":"themes/gal/source/imgs/smilies/4.png","hash":"76b7df92f0590512ee52d5200d6edd7e8ba8161b","modified":1590656355574},{"_id":"themes/gal/source/imgs/smilies/5.png","hash":"56589a046bd38eda5d0386c5a3497898e4591fa2","modified":1590656355575},{"_id":"themes/gal/source/imgs/smilies/6.png","hash":"0c04289d0f565bcf1dd3924672914cfe87bb8df4","modified":1590656355576},{"_id":"themes/gal/source/imgs/smilies/7.png","hash":"0c0292581ea4ae2c61a4c03c1f9f045f6a523069","modified":1590656355577},{"_id":"themes/gal/source/imgs/smilies/8.png","hash":"01da87b1689ea955db6b3e3f40a8e0a2a972e209","modified":1590656355577},{"_id":"themes/gal/source/imgs/smilies/9.png","hash":"5481e5b6b9c53ee522987c858ddda9652633b137","modified":1590656355578},{"_id":"themes/gal/source/js/comment/gitment.js","hash":"26384e22cf2fa3e0888e13f439ad8e65da2a4f35","modified":1590656355586},{"_id":"themes/gal/source/js/comment/leancloud.js","hash":"9952f044113cb0d52887c191769f291b71e2f763","modified":1590656355587},{"_id":"themes/gal/source/js/highslide/highslide-full.packed.js","hash":"857a336dbb15cc805d1832e2fd7d1b3845a63b7a","modified":1590656355620},{"_id":"themes/gal/source/js/highslide/highslide-ie6.css","hash":"eaf6db653eb1ff40782608e96ca912899962e156","modified":1590656355621},{"_id":"themes/gal/source/js/highslide/highslide-with-gallery.min.js","hash":"a78fce5b3a5294a433467ec4402d4fb700db1152","modified":1590656355623},{"_id":"themes/gal/source/js/highslide/highslide-with-gallery.packed.js","hash":"daa700a9ac1adc17d41bc2b0c8207ee08c15cfae","modified":1590656355624},{"_id":"themes/gal/source/js/highslide/highslide-with-html.min.js","hash":"f92bf19951d9edf2a964440a74ccbd6b20f21985","modified":1590656355627},{"_id":"themes/gal/source/js/highslide/highslide-with-html.packed.js","hash":"e54c94ce5425c4a108058b9d2c52f9f17975e239","modified":1590656355628},{"_id":"themes/gal/source/js/highslide/highslide.css","hash":"9d13779279a6e95a21d09a34bbdea165c26e631d","modified":1590656355629},{"_id":"themes/gal/source/js/highslide/highslide.js","hash":"a368c08bd7f4b2fb2d5417ee2be0a38604101ea5","modified":1590656355630},{"_id":"themes/gal/source/js/highslide/highslide.min.js","hash":"72b26ab747958c7029eacc9dd7c1e2331d4d524d","modified":1590656355631},{"_id":"themes/gal/source/js/highslide/highslide.packed.js","hash":"9fa6f2c48bfe9fb005f4b703442f7f790efcf040","modified":1590656355632},{"_id":"themes/gal/source/imgs/slide/background2.jpg","hash":"578a36104aa5bfdb05c1fcc4b5671b9791f096b9","modified":1590656355548},{"_id":"themes/gal/source/imgs/slide/background5.jpg","hash":"d1e8721833f1bba4b671df13abe89417c3164bd6","modified":1590656355554},{"_id":"themes/gal/source/js/highslide/highslide-full.js","hash":"9cbd6c87aec04e6e52fc7dde155f198a01d62f32","modified":1590656355617},{"_id":"themes/gal/source/js/highslide/highslide-full.min.js","hash":"174acbba5db80f5d0d17ed4fa8e4ab35495bc8b3","modified":1590656355618},{"_id":"themes/gal/source/js/highslide/highslide-with-gallery.js","hash":"90eb52578c508f8c530295face656ef075a16904","modified":1590656355622},{"_id":"themes/gal/source/js/highslide/highslide-with-html.js","hash":"9c1d864eafddeb509ea773420356c50834dae28d","modified":1590656355626},{"_id":"themes/gal/source/imgs/slide/background3.jpg","hash":"32909d14c33e836e94a947aa9cbe052377fd78d5","modified":1590656355550},{"_id":"themes/gal/source/js/highslide/graphics/.DS_Store","hash":"be93e35c6f09a52720c735d34d1bd09c5cf31bb4","modified":1590656355589},{"_id":"themes/gal/source/js/highslide/graphics/close.png","hash":"6227e5d22184d5f4a01aa29aa35f92717c6e838b","modified":1590656355590},{"_id":"themes/gal/source/js/highslide/graphics/closeX.png","hash":"11c435153ec20e4f0e784dd849e0181104a77b1d","modified":1590656355591},{"_id":"themes/gal/source/js/highslide/graphics/controlbar-black-border.gif","hash":"e5c77f071bbf04dac163975aa7e0ca3cc861c1a2","modified":1590656355593},{"_id":"themes/gal/source/js/highslide/graphics/controlbar-text-buttons.png","hash":"c738717eaeeafba67326b7e65641d9d6a55f0b45","modified":1590656355594},{"_id":"themes/gal/source/js/highslide/graphics/controlbar-white-small.gif","hash":"8e87bcc585d3717e5ba29b8f1f53abb3a192f3e9","modified":1590656355595},{"_id":"themes/gal/source/js/highslide/graphics/controlbar-white.gif","hash":"1a558efe6e8e1b1571eb4d01459e83ceb053771d","modified":1590656355596},{"_id":"themes/gal/source/js/highslide/graphics/controlbar2.gif","hash":"e964df6eb758c9328e53de3681467fd10a5ba8c7","modified":1590656355597},{"_id":"themes/gal/source/js/highslide/graphics/controlbar3.gif","hash":"0077e495245ed61f0b23bb212f0bc2b8ad85c037","modified":1590656355598},{"_id":"themes/gal/source/js/highslide/graphics/controlbar4-hover.gif","hash":"f8d9c2a7c52c480e34bd1858391e0878ae868e62","modified":1590656355599},{"_id":"themes/gal/source/js/highslide/graphics/controlbar4.gif","hash":"6bafeabac1ed78ddc7e99823c34a0d0e34592f66","modified":1590656355600},{"_id":"themes/gal/source/js/highslide/graphics/fullexpand.gif","hash":"b294249f054b8d765fa4f962760c8a63694563f9","modified":1590656355601},{"_id":"themes/gal/source/js/highslide/graphics/geckodimmer.png","hash":"823e387d1ce37cf781228c766fb4b214bb2940ff","modified":1590656355601},{"_id":"themes/gal/source/js/highslide/graphics/icon.gif","hash":"adb9b20bbf658344146391b6ca123f4216779f2d","modified":1590656355602},{"_id":"themes/gal/source/js/highslide/graphics/loader.gif","hash":"4272f4281fef2291084ce39b4879d882d1d02282","modified":1590656355603},{"_id":"themes/gal/source/js/highslide/graphics/loader.white.gif","hash":"f2af060f1cadbc9065c8c465c648dc01be67cc12","modified":1590656355604},{"_id":"themes/gal/source/js/highslide/graphics/resize.gif","hash":"384cf559cd34e483635fac1fc00eba3c4ba861f8","modified":1590656355612},{"_id":"themes/gal/source/js/highslide/graphics/scrollarrows.png","hash":"92786fa2516184af92ec80b72e70d26f82a36cbe","modified":1590656355613},{"_id":"themes/gal/source/js/highslide/graphics/zoomin.cur","hash":"8dd0e088ec7172185c2363e9b5f83eedb4e8dac4","modified":1590656355613},{"_id":"themes/gal/source/js/highslide/graphics/zoomout.cur","hash":"2d1695a011edd32a1abc5329dcf4b8ee196d5e7f","modified":1590656355616},{"_id":"themes/gal/source/imgs/slide/background4.jpg","hash":"28a21fce4b722cfc2f5f8aaf0b134da2ef60eab8","modified":1590656355552},{"_id":"themes/gal/source/js/highslide/graphics/outlines/beveled.png","hash":"9c2403fd9e01c7cbdf7a46996e2281d2c6aeedf3","modified":1590656355607},{"_id":"themes/gal/source/js/highslide/graphics/outlines/drop-shadow.png","hash":"90c718ca34fa1d7c82a5b5b6949acb89c2aaa77f","modified":1590656355608},{"_id":"themes/gal/source/js/highslide/graphics/outlines/glossy-dark.png","hash":"b8b85fb1311502c237a6e9c3bdabe232369e252d","modified":1590656355609},{"_id":"themes/gal/source/js/highslide/graphics/outlines/outer-glow.png","hash":"20af958d47ea54aa1474b73e62e115c50d18f7a9","modified":1590656355610},{"_id":"themes/gal/source/js/highslide/graphics/outlines/rounded-black.png","hash":"360010e15638eb126612c5f13ffbc7c69c5c5293","modified":1590656355611},{"_id":"themes/gal/source/js/highslide/graphics/outlines/rounded-white.png","hash":"c4ef235dcc34844e4050f845ff4ce22ce35fe0b8","modified":1590656355611},{"_id":"themes/gal/source/imgs/preview/preview1.jpg","hash":"6cce8b99cfe0888ebe6131985c68178399d9a3d2","modified":1590656355525},{"_id":"themes/gal/source/imgs/preview/preview3.jpg","hash":"e74e2c5baec4b447d0253bfbb223e8619a58ebb8","modified":1590656355541},{"_id":"themes/gal/source/imgs/preview/preview4.jpg","hash":"63c2b5ec882455a1c74c439b2d41f31a1b17fde8","modified":1590656355543},{"_id":"themes/gal/source/imgs/slide/background6.jpg","hash":"da471d9801cf963ebf566341d1bea1483d81e435","modified":1590656355557},{"_id":"themes/gal/source/fonts/fontawesome-webfont.svg","hash":"b5483b11f8ba213e733b5b8af9927a04fec996f6","modified":1590656355496},{"_id":"themes/gal/source/imgs/slide/background1.jpg","hash":"494fcbd2414a8b1d96d010bc7f2c53bfc2eb2156","modified":1590656355547},{"_id":"themes/gal/source/imgs/preview/preview2.jpg","hash":"84a1b22a5b11c77159495d3b0b1c707a02287796","modified":1590656355536},{"_id":"themes/gal/source/js/highslide/graphics/outlines/Outlines.psd","hash":"4cbeb7a5e833556f1b0f977c72edb59e8fd8f1d7","modified":1590656355606},{"_id":"themes/Butterfly/LICENSE","hash":"e7e7b7677bb19563a9013e936486bdefeb761d07","modified":1590656942593},{"_id":"themes/Butterfly/README.md","hash":"31708ead9c9a494d5fa2c8ec5fc3cf675f13240e","modified":1590656942596},{"_id":"themes/Butterfly/README_CN.md","hash":"6f42d4ab0dfd564eb7b434867812c9f4a4e163cc","modified":1590656942596},{"_id":"themes/Butterfly/_config.yml","hash":"3b58992b3e1512a6f5925ee3ccc847c6e44fb22a","modified":1590657035161},{"_id":"themes/Butterfly/package.json","hash":"56e967481d2996e4618455cf372e592884f929b1","modified":1590656942684},{"_id":"themes/Butterfly/.github/ISSUE_TEMPLATE.md","hash":"8f7a0f8d4bfc97ba106128828a33a9cc0a295194","modified":1590656942591},{"_id":"themes/Butterfly/.github/stale.yml","hash":"70467ce772e68de57a4bf2ac285f1c0b122f25f5","modified":1590656942592},{"_id":"themes/Butterfly/languages/default.yml","hash":"3492594f5aed8ab7ee46c212bc1030b8140c4682","modified":1590656942599},{"_id":"themes/Butterfly/languages/en.yml","hash":"3492594f5aed8ab7ee46c212bc1030b8140c4682","modified":1590656942599},{"_id":"themes/Butterfly/languages/zh-CN.yml","hash":"2471c83209aba78883ef1337a5a47b4a2654061d","modified":1590656942600},{"_id":"themes/Butterfly/languages/zh-TW.yml","hash":"430789bde19a81103eddaa50b68376a3080a2cac","modified":1590656942601},{"_id":"themes/Butterfly/layout/404.pug","hash":"2d58b62240a5ea1119cc19e647e9a17efe1c7243","modified":1590656942603},{"_id":"themes/Butterfly/layout/archive.pug","hash":"2d5bf4b1755f89898c579c18d601be83d2bc8ebd","modified":1590656942604},{"_id":"themes/Butterfly/layout/category.pug","hash":"90e56274a7c853f6f30337011f9c9d6d035950dc","modified":1590656942605},{"_id":"themes/Butterfly/layout/flink.pug","hash":"391c3af22057ddd2a44da475710e6ff7866d954e","modified":1590656942606},{"_id":"themes/Butterfly/layout/index.pug","hash":"648dcbdb3d145a710de81c909e000e8664d2ac9c","modified":1590656942671},{"_id":"themes/Butterfly/layout/page.pug","hash":"5cef945ed21199da6950cb3806d1faa45d3130c1","modified":1590656942682},{"_id":"themes/Butterfly/layout/post.pug","hash":"ace5cefcd90d34e09119bedb064c34238f653687","modified":1590656942683},{"_id":"themes/Butterfly/layout/tag.pug","hash":"e658aa76a11d1e18ec00131d9cec1a38b3d6a62e","modified":1590656942683},{"_id":"themes/Butterfly/layout/includes/additional-js.pug","hash":"0537eb7e279c213430518e0674a380769d52f425","modified":1590656942607},{"_id":"themes/Butterfly/layout/includes/footer.pug","hash":"9d98c38f1634987ef22a3cdb391b1f9fa2f806d2","modified":1590656942615},{"_id":"themes/Butterfly/layout/includes/head.pug","hash":"47b70ee674f8c6a07139f1915e6c4fc0d6f31ab5","modified":1590656942615},{"_id":"themes/Butterfly/layout/includes/layout.pug","hash":"603a800d85acfd533fca8603fc49c86a4caa10a0","modified":1590656942634},{"_id":"themes/Butterfly/layout/includes/pagination.pug","hash":"fa6b9b365c75120b90e069e439843b9def8c7ee5","modified":1590656942644},{"_id":"themes/Butterfly/layout/includes/rightside.pug","hash":"418349c6a31f246d91aab53640ded1ae674463aa","modified":1590656942647},{"_id":"themes/Butterfly/layout/includes/sidebar.pug","hash":"3981532dfffb57d00e3ebf5f590a2094d426898a","modified":1590656942653},{"_id":"themes/Butterfly/scripts/events/404.js","hash":"5f6127ede7d139891208340b5cf5bf9314e4be7d","modified":1590656942685},{"_id":"themes/Butterfly/scripts/events/replace_config.js","hash":"39fabaae6943bbafb8248ee81ae9b32e1145c84a","modified":1590656942686},{"_id":"themes/Butterfly/scripts/filters/post_lazyload.js","hash":"e2bd91061e7481c6fa787de22257744172508ece","modified":1590656942687},{"_id":"themes/Butterfly/scripts/filters/random_cover.js","hash":"8e44ec5c9a50b01790186cb6c319b70a42581add","modified":1590656942688},{"_id":"themes/Butterfly/scripts/helpers/aside_archives.js","hash":"45be3eda5fc8c3fcf70cb13beece28ae3884b721","modified":1590656942689},{"_id":"themes/Butterfly/scripts/helpers/aside_categories.js","hash":"625ef99594006b4ac6b721fa6a7da785b3dd4770","modified":1590656942689},{"_id":"themes/Butterfly/scripts/helpers/page.js","hash":"4e6cffc4ecf5c600dc50b5677a21c3569e2ed043","modified":1590656942690},{"_id":"themes/Butterfly/scripts/helpers/related_post.js","hash":"e770feb749ac76214ce1fb42579ecda68e80e433","modified":1590656942696},{"_id":"themes/Butterfly/scripts/tags/gallery.js","hash":"1735602a8da89b3ee961899c0eb4c9e6116b580c","modified":1590656942697},{"_id":"themes/Butterfly/scripts/tags/hide.js","hash":"92ee53c76906a2d661ccdf68058c20ab2c048b15","modified":1590656942698},{"_id":"themes/Butterfly/scripts/tags/mermaid.js","hash":"46d3c4c6a38d750d1ad9ca695d6c0df62b7107d6","modified":1590656942698},{"_id":"themes/Butterfly/scripts/tags/note.js","hash":"b6acc0f4f994692d124c7a251a2606afde3fcf9d","modified":1590656942699},{"_id":"themes/Butterfly/source/css/index.styl","hash":"14161794cdd22414641239a09e2db613f1999d00","modified":1590656942734},{"_id":"themes/Butterfly/source/css/var.styl","hash":"4314b50a909c4e47fc767e50e8f1798754436062","modified":1590656942735},{"_id":"themes/Butterfly/source/img/404.jpg","hash":"fb4489bc1d30c93d28f7332158c1c6c1416148de","modified":1590656942738},{"_id":"themes/Butterfly/source/img/algolia.svg","hash":"45eeea0b5fba833e21e38ea10ed5ab385ceb4f01","modified":1590656942739},{"_id":"themes/Butterfly/source/img/favicon.png","hash":"3cf89864b4f6c9b532522a4d260a2e887971c92d","modified":1590656942740},{"_id":"themes/Butterfly/source/img/friend_404.gif","hash":"8d2d0ebef70a8eb07329f57e645889b0e420fa48","modified":1590656942741},{"_id":"themes/Butterfly/source/img/icp.png","hash":"cb1fd69b38ec23ce8366668ddffbbd0160de0104","modified":1590656942742},{"_id":"themes/Butterfly/source/img/loading.gif","hash":"5f0287fb8fb98872fe1998c6f781111819e71806","modified":1590656942744},{"_id":"themes/Butterfly/source/js/main.js","hash":"b6343a3fd916672bfad295f939504fe632ec1cd8","modified":1590656942745},{"_id":"themes/Butterfly/source/js/tw_cn.js","hash":"0a48ec7f2b01f2ea3f86a12af63a7399cbfaccd6","modified":1590656942756},{"_id":"themes/Butterfly/source/js/utils.js","hash":"e640956180cc604948e76979cdaab40286e4a04e","modified":1590656942757},{"_id":"themes/Butterfly/layout/includes/comments/disqus.pug","hash":"5ae50a271fe5a49f4012555657db028b7113612b","modified":1590656942608},{"_id":"themes/Butterfly/layout/includes/comments/disqusjs.pug","hash":"e96dd925a1d17cfb4fe5ac13561982c9b13d6b53","modified":1590656942608},{"_id":"themes/Butterfly/layout/includes/comments/facebook_comments.pug","hash":"9d4ed57b91ad520b95d220980add8477ce968618","modified":1590656942609},{"_id":"themes/Butterfly/layout/includes/comments/gitalk.pug","hash":"bb4de1b40ae07b27dda4e3e529687f6c1a9196ca","modified":1590656942610},{"_id":"themes/Butterfly/layout/includes/comments/index.pug","hash":"43aa3a3087ffcf319a06043c00e1cd8fbd071d79","modified":1590656942611},{"_id":"themes/Butterfly/layout/includes/comments/laibili.pug","hash":"1d5d1b2cf17271cc6d69071f6df11fe477ae8bb3","modified":1590656942612},{"_id":"themes/Butterfly/layout/includes/comments/utterances.pug","hash":"8ef3dc1a27c19645ac054e30594ed1930b1c56f0","modified":1590656942612},{"_id":"themes/Butterfly/layout/includes/comments/valine.pug","hash":"6d930ef62b44f9789f25a81b1baae8f1a0988e1d","modified":1590656942613},{"_id":"themes/Butterfly/layout/includes/head/Open_Graph.pug","hash":"6f6bc88b300d22b18c7b1a1ab3b75661040dcf44","modified":1590656942617},{"_id":"themes/Butterfly/layout/includes/head/analytics.pug","hash":"036213b05df9e51250c2734854de7a096a9ed8c2","modified":1590656942617},{"_id":"themes/Butterfly/layout/includes/head/comment.pug","hash":"2dbb3378929e2f1ead3bbc4a88fafd72c6632ff8","modified":1590656942618},{"_id":"themes/Butterfly/layout/includes/head/config.pug","hash":"9265b536774344e4e58747bba62286b361d0279d","modified":1590656942620},{"_id":"themes/Butterfly/layout/includes/head/config_site.pug","hash":"4dea5574fa33f688a2a80d4e070e6c0ba9a62480","modified":1590656942621},{"_id":"themes/Butterfly/layout/includes/head/darkmode.pug","hash":"e44d63ee21b7ee247927f0189a783ffa9ba075fd","modified":1590656942622},{"_id":"themes/Butterfly/layout/includes/head/dns_prefetch.pug","hash":"9e86a17cf4dfc9191bba550dd27f874f4c2180fb","modified":1590656942622},{"_id":"themes/Butterfly/layout/includes/head/google_adsense.pug","hash":"393e641a35174f26318b8724eddaf1a0b1386636","modified":1590656942623},{"_id":"themes/Butterfly/layout/includes/head/noscript.pug","hash":"a84dac02e9d30c9c8e7ed895214d46cf2d2af3db","modified":1590656942623},{"_id":"themes/Butterfly/layout/includes/head/pwa.pug","hash":"e4fb9e5c72ca05d595f0959893c2fe03b8f478e2","modified":1590656942624},{"_id":"themes/Butterfly/layout/includes/head/site_verification.pug","hash":"2d267fcc926505fcc5ebc9f59146555b32654c7e","modified":1590656942625},{"_id":"themes/Butterfly/layout/includes/head/subtitle.pug","hash":"a305d861db7951ea8b7961f8528bca453d850b16","modified":1590656942628},{"_id":"themes/Butterfly/layout/includes/header/header.pug","hash":"8011ca7bc0d218f6cfed2e84dd8b91be05886451","modified":1590656942630},{"_id":"themes/Butterfly/layout/includes/header/index.pug","hash":"12461e6c7efcf0135e0a6fd85f425606818d4f19","modified":1590656942631},{"_id":"themes/Butterfly/layout/includes/header/menu_item.pug","hash":"4a57762f9b5ce4f30088d2552a61a016acdc93ca","modified":1590656942632},{"_id":"themes/Butterfly/layout/includes/header/post-info.pug","hash":"2bee87cc95078baeab85dd5efec9b0bebb2170f5","modified":1590656942633},{"_id":"themes/Butterfly/layout/includes/header/social.pug","hash":"0758817464c300f785384ea21bf096f5010c4f96","modified":1590656942634},{"_id":"themes/Butterfly/layout/includes/loading/loading-js.pug","hash":"3a605e29a0607c315c0566f2a1c6487b4aa98140","modified":1590656942636},{"_id":"themes/Butterfly/layout/includes/loading/loading.pug","hash":"dd8e6813976be64e80eba6562b54e74527ab306d","modified":1590656942637},{"_id":"themes/Butterfly/layout/includes/math/index.pug","hash":"403601a903d02ef0a103d18909a6eb0b088fcb4c","modified":1590656942638},{"_id":"themes/Butterfly/layout/includes/math/katex.pug","hash":"60bd18e051a442d5ce25325a55982922ab15be04","modified":1590656942638},{"_id":"themes/Butterfly/layout/includes/math/mathjax.pug","hash":"9f10622c73c2c87d3502660eb933af654d2600b4","modified":1590656942639},{"_id":"themes/Butterfly/layout/includes/math/mermaid.pug","hash":"41f6c6c9d753ed97ab2adef47f13595f8aebb464","modified":1590656942640},{"_id":"themes/Butterfly/layout/includes/mixins/article-sort.pug","hash":"15e2c600f7ded4ffdcaa94ef728f22d883fe6038","modified":1590656942641},{"_id":"themes/Butterfly/layout/includes/mixins/post-ui.pug","hash":"648b09cc1c2c1720033b4eab1936d44070e398db","modified":1590656942642},{"_id":"themes/Butterfly/layout/includes/mobile-sidebar/index.pug","hash":"e9eacd936c259d8f10e1becdd6e3ca129ea0e942","modified":1590656942643},{"_id":"themes/Butterfly/layout/includes/mobile-sidebar/mobile-menus.pug","hash":"06e87ad69670c1090210b3e4df86a2ada98553bc","modified":1590656942643},{"_id":"themes/Butterfly/layout/includes/post/post-copyright.pug","hash":"547a2737cd3ac45272a75561f5b5438d72d10f6d","modified":1590656942645},{"_id":"themes/Butterfly/layout/includes/post/reward.pug","hash":"ed228c196ceaae30e78818e06ce8f29617cf9ec7","modified":1590656942646},{"_id":"themes/Butterfly/layout/includes/search/algolia.pug","hash":"3d2b2de0e199ab1fb151f41f2bbaac909f3d3d12","modified":1590656942648},{"_id":"themes/Butterfly/layout/includes/search/index.pug","hash":"66b4f4e8119e987cd3f9907298689a1408a05859","modified":1590656942648},{"_id":"themes/Butterfly/layout/includes/search/local-search.pug","hash":"e24b08e7253e78d3088d7267188a1ca18b6b5315","modified":1590656942649},{"_id":"themes/Butterfly/layout/includes/share/add-this.pug","hash":"8b4034e53ca5bf85097f681a6e76a53ce685c205","modified":1590656942650},{"_id":"themes/Butterfly/layout/includes/share/addtoany.pug","hash":"4108ab6b91461254901f19ed3e5e082e437324aa","modified":1590656942650},{"_id":"themes/Butterfly/layout/includes/share/index.pug","hash":"af2f09d374a55983d1ac695848ccfae50629f439","modified":1590656942651},{"_id":"themes/Butterfly/layout/includes/share/share-js.pug","hash":"43643295be651fb3d2cd88ebf81544fde3131489","modified":1590656942651},{"_id":"themes/Butterfly/layout/includes/third-party/canvas-nest.pug","hash":"3d7a3654ae03fd2665ea355ee9eac48af0ee82af","modified":1590656942654},{"_id":"themes/Butterfly/layout/includes/third-party/canvas-ribbon-piao.pug","hash":"001f28c633d2ec2d5ef9ca047fb1fe61ffefd66f","modified":1590656942654},{"_id":"themes/Butterfly/layout/includes/third-party/canvas-ribbon.pug","hash":"74fc2a62e125f28947ec9cd60f968023da766adb","modified":1590656942658},{"_id":"themes/Butterfly/layout/includes/third-party/pangu.pug","hash":"2ea7c6070fc0f028b59c6ac4fbc80b4c3f36ced1","modified":1590656942659},{"_id":"themes/Butterfly/layout/includes/widget/card_ad.pug","hash":"44af3c7a67b86f048deacb451dd454b088631374","modified":1590656942659},{"_id":"themes/Butterfly/layout/includes/widget/card_announcement.pug","hash":"c70faf9ac87bb168cf1107b2039eb6dda00fae47","modified":1590656942661},{"_id":"themes/Butterfly/layout/includes/widget/card_archives.pug","hash":"f7caa98b0da316e167a6ce07d659f85db81c64ae","modified":1590656942662},{"_id":"themes/Butterfly/layout/includes/widget/card_author.pug","hash":"11704f1748e0316c89f09dd708f440d39ceef0cd","modified":1590656942665},{"_id":"themes/Butterfly/layout/includes/widget/card_categories.pug","hash":"bab10df1427b07a176afb28f1258080e4ab573ee","modified":1590656942666},{"_id":"themes/Butterfly/layout/includes/widget/card_recent_post.pug","hash":"348dc65683132b768f2340380a1ba71504aa8e43","modified":1590656942667},{"_id":"themes/Butterfly/layout/includes/widget/card_tags.pug","hash":"d4532e5f6417d9ba2ebe054521410f80f64a968b","modified":1590656942667},{"_id":"themes/Butterfly/layout/includes/widget/card_webinfo.pug","hash":"b31f88fff690ec8efbbb8163eb01abed98a6ae0f","modified":1590656942668},{"_id":"themes/Butterfly/layout/includes/widget/index.pug","hash":"6ef8482c9e8b9ac3ab06e48e69853ac536836905","modified":1590656942670},{"_id":"themes/Butterfly/source/css/_global/index.styl","hash":"043cadea27a7856d50fb64a83d3c50c21b8e5a14","modified":1590656942701},{"_id":"themes/Butterfly/source/css/_highlight/diff.styl","hash":"bb83b379954dc2e7f5a9915e5ed50da7223e3efa","modified":1590656942703},{"_id":"themes/Butterfly/source/css/_highlight/highlight.styl","hash":"e56379c713d7e175a8486ee43940039f2f1c9fa6","modified":1590656942703},{"_id":"themes/Butterfly/source/css/_highlight/theme.styl","hash":"32b94940c8288020bb4245941ca587c8aad7c14c","modified":1590656942706},{"_id":"themes/Butterfly/source/css/_layout/404.styl","hash":"f5875982abf021213e1274f615b812b29b5fee56","modified":1590656942708},{"_id":"themes/Butterfly/source/css/_layout/aside.styl","hash":"cf4ed5fe1e675f5440e07a6bc1afa49b53e38d5e","modified":1590656942708},{"_id":"themes/Butterfly/source/css/_layout/category.styl","hash":"b5bca389c3185b2794939f0f5dd889e1ed72f6cc","modified":1590656942709},{"_id":"themes/Butterfly/source/css/_layout/flink.styl","hash":"926d4ff56a0b19ae7d3d7ea39212aeb5d0f1841d","modified":1590656942711},{"_id":"themes/Butterfly/source/css/_layout/footer.styl","hash":"2dace492e6da44e39ad5cc7eae8bc8bb5a34aaae","modified":1590656942712},{"_id":"themes/Butterfly/source/css/_layout/head.styl","hash":"c526b35696518d017211ab6fd84716ac2aca9135","modified":1590656942713},{"_id":"themes/Butterfly/source/css/_layout/loadding.styl","hash":"7acbbed062bf4070ef998e760491f436b2629738","modified":1590656942713},{"_id":"themes/Butterfly/source/css/_layout/mobile-sidebar.styl","hash":"92c7d42d2fc74f6eab4879a367c1b71634f4f493","modified":1590656942714},{"_id":"themes/Butterfly/source/css/_layout/page.styl","hash":"f2292e7fc76e8064bf442c34b31b0a237692cd60","modified":1590656942714},{"_id":"themes/Butterfly/source/css/_layout/pagination.styl","hash":"9181061f214ed8e2b48c203e1d3d524edc4b56e7","modified":1590656942716},{"_id":"themes/Butterfly/source/css/_layout/post.styl","hash":"8ee3929503586dc9a8d454cc30ee77f8258befd9","modified":1590656942716},{"_id":"themes/Butterfly/source/css/_layout/relatedposts.styl","hash":"1799a33e3f7cdc543227be833d59ef84bb038124","modified":1590656942717},{"_id":"themes/Butterfly/source/css/_layout/reward.styl","hash":"0df33f37f7339df71b68a6b781c068e5a344c9cc","modified":1590656942718},{"_id":"themes/Butterfly/source/css/_layout/rightside.styl","hash":"4c27911ff1432870f328934cf6b171ecb16db1ce","modified":1590656942720},{"_id":"themes/Butterfly/source/css/_layout/sidebar.styl","hash":"d1ad6bbdedf8bead2b0b18519629c731afbab49d","modified":1590656942720},{"_id":"themes/Butterfly/source/css/_layout/third-party.styl","hash":"583d22f17f1b1f823b757ef32b67f29f7442ea3d","modified":1590656942722},{"_id":"themes/Butterfly/source/css/_mode/darkmode.styl","hash":"d63038b9b9b9eca05e566162d0a8877119768cac","modified":1590656942723},{"_id":"themes/Butterfly/source/css/_mode/readmode.styl","hash":"c5f6f2f4116a3c98fe70ae68717fccd081ccdf5b","modified":1590656942724},{"_id":"themes/Butterfly/source/css/_search/algolia.styl","hash":"55fc3a91dfbd8f15aab2595fb0c68d3981edb629","modified":1590656942725},{"_id":"themes/Butterfly/source/css/_search/index.styl","hash":"f6f4a7bdaa7199fa521b0d67049a10473d792136","modified":1590656942728},{"_id":"themes/Butterfly/source/css/_search/local-search.styl","hash":"0c293c8e72ec7e2432d46eef666b8db16ca6e826","modified":1590656942729},{"_id":"themes/Butterfly/source/css/_tags/gallery.styl","hash":"192bd09d0b6db688467ebead95d0ebec7d3eba06","modified":1590656942730},{"_id":"themes/Butterfly/source/css/_tags/hide.styl","hash":"b64752f484fa4503ba8303cfa7b1f89fbd5dfebb","modified":1590656942731},{"_id":"themes/Butterfly/source/css/_tags/note.styl","hash":"b522d071c320c0aa52fd56f30b0bc9cf923e46d7","modified":1590656942732},{"_id":"themes/Butterfly/source/css/_third-party/normalize.min.css","hash":"001bd6d68a9b9af5dd0158fe116889434f36b1fd","modified":1590656942733},{"_id":"themes/Butterfly/source/js/search/algolia.js","hash":"a4aa32db60e5cc12bbe3b3a82209379bf8ab62ce","modified":1590656942746},{"_id":"themes/Butterfly/source/js/search/local-search.js","hash":"7ed0e03733127dd34dc251f5b36e3e7eadd73097","modified":1590656942747},{"_id":"themes/Butterfly/source/js/third-party/ClickShowText.js","hash":"2af6ddbabdd36979cc9c05b117452a1534702c6d","modified":1590656942748},{"_id":"themes/Butterfly/source/js/third-party/canvas-nest.js","hash":"ed2a7dedc314eb1047d030be2e95d0d5679bc577","modified":1590656942750},{"_id":"themes/Butterfly/source/js/third-party/canvas-ribbon.js","hash":"8fe48c40c6147811cda154db8b7a3352132bfceb","modified":1590656942751},{"_id":"themes/Butterfly/source/js/third-party/click_heart.js","hash":"7295ee03e9ae40f855d0c494a9b84e76a36ffe20","modified":1590656942752},{"_id":"themes/Butterfly/source/js/third-party/fireworks.js","hash":"75b3d7025c01947f3d425e592e910458393ee621","modified":1590656942753},{"_id":"themes/Butterfly/source/js/third-party/piao.js","hash":"bc3d3f2afeefea55d9d6ba8dfa798435e1eb1062","modified":1590656942754},{"_id":"themes/Butterfly/source/js/third-party/activate-power-mode.js","hash":"2c4ab494225b7d04eed934efc43a43791e596f4a","modified":1590656942749},{"_id":"themes/Butterfly/_config #此配置废弃，最新版本配置使用butterfly，请前往source.yml","hash":"3b58992b3e1512a6f5925ee3ccc847c6e44fb22a","modified":1590657035161},{"_id":"source/_data/butterfly.yml","hash":"3b58992b3e1512a6f5925ee3ccc847c6e44fb22a","modified":1590657171609}],"Category":[],"Data":[{"_id":"butterfly","data":{"menu":{"Home":"/ || fa fa-home","Archives":"/archives/ || fa fa-archive","Tags":"/tags/ || fa fa-tags","Categories":"/categories/ || fa fa-folder-open","Link":"/link/ || fa fa-link","About":"/about/ || fa fa-heart","List||fa fa-list":["Music || /music/ || fa fa-music","Movie || /movies/ || fa fa-film"]},"highlight_theme":"light","highlight_copy":true,"highlight_lang":true,"highlight_shrink":false,"code_word_wrap":false,"copy":{"enable":true,"copyright":true},"social":{"fa fa-github":"https://github.com/jerryc127 || Github","fa fa-envelope":"mailto:xxxxxxx@gmail.com || Email","fa fa-rss":"/atom.xml || RSS"},"algolia_search":{"enable":false,"hits":{"per_page":6},"labels":{"input_placeholder":"Search for Posts","hits_empty":"We didn't find any results for the search: ${query}","hits_stats":"${hits} results found in ${time} ms"}},"local_search":{"enable":false,"labels":{"input_placeholder":"Search for Posts","hits_empty":"We didn't find any results for the search: ${query}"}},"mathjax":{"enable":false,"per_page":false},"katex":{"enable":false,"per_page":false,"hide_scrollbar":true},"mermaid":{"enable":false,"theme":"default"},"favicon":"/img/favicon.png","avatar":{"img":"/img/avatar.png","effect":false},"index_img":null,"default_top_img":"https://i.loli.net/2020/05/01/IuWi8QbHvzjlOPw.jpg","archive_img":null,"tag_img":null,"category_img":null,"cover":{"index_enable":true,"aside_enable":true,"archives_enable":true,"position":"both","default_cover":["https://i.loli.net/2020/05/01/gkihqEjXxJ5UZ1C.jpg"]},"lodding_bg":{"flink":"/img/friend_404.gif","post_page":"/img/404.jpg"},"error_404":{"enable":true,"subtitle":"Page Not Found","background":null},"post_meta":{"page":{"date_type":"created","categories":true,"tags":false},"post":{"date_type":"both","categories":true,"tags":true}},"wordcount":{"enable":false,"post_wordcount":true,"min2read":true,"total_wordcount":true},"toc":{"enable":true,"number":true},"auto_open_sidebar":{"enable":true},"post_copyright":{"enable":true,"decode":false,"license":"CC BY-NC-SA 4.0","license_url":"https://creativecommons.org/licenses/by-nc-sa/4.0/"},"auto_excerpt":{"enable":true,"length":150},"addThis":{"enable":false,"pubid":null},"sharejs":{"enable":true,"sites":"facebook,twitter,wechat,weibo,qq"},"addtoany":{"enable":false,"item":["facebook","twitter","wechat","sina_weibo","facebook_messenger","email","copy_link"]},"disqus":{"enable":false,"shortname":null,"count":false},"disqusjs":{"enable":false,"shortname":null,"siteName":null,"apikey":null,"api":"https://disqus.skk.moe/disqus/","admin":null,"adminLabel":null,"count":false},"laibili":{"enable":false,"uid":null},"gitalk":{"enable":false,"client_id":null,"client_secret":null,"repo":null,"owner":null,"admin":null,"language":"zh-CN","perPage":10,"distractionFreeMode":false,"pagerDirection":"last","createIssueManually":false,"count":false},"valine":{"enable":false,"appId":null,"appKey":null,"notify":false,"verify":false,"pageSize":10,"avatar":"monsterid","lang":"en","placeholder":"Please leave your footprints","guest_info":"nick,mail,link","recordIP":false,"serverURLs":null,"emojiCDN":null,"enableQQ":false,"requiredFields":"nick,mail","bg":null,"count":false},"utterances":{"enable":false,"repo":null,"issue_term":"pathname","light_theme":"github-light","dark_theme":"photon-dark"},"facebook_comments":{"enable":false,"app_id":null,"user_id":null,"pageSize":10,"order_by":"social","lang":"en_US","count":false},"since":2020,"footer_custom_text":null,"footer_copyright":{"enable":true},"ICP":{"enable":false,"url":null,"text":null,"icon":"/img/icp.png"},"baidu_analytics":null,"google_analytics":null,"tencent_analytics":null,"google_adsense":{"enable":false,"js":"https://pagead2.googlesyndication.com/pagead/js/adsbygoogle.js","client":null,"enable_page_level_ads":true},"google_site_verification":null,"bing_site_verification":null,"baidu_site_verification":null,"qihu_site_verification":null,"reward":{"enable":true,"QR_code":[{"itemlist":{"img":"/img/wechat.jpg","text":"微信"}},{"itemlist":{"img":"/img/alipay.jpg","text":"支付寶"}}]},"related_post":{"enable":true,"limit":6,"date_type":"created"},"photofigcaption":false,"anchor":false,"index_site_info_top":null,"index_top_img_height":null,"category_ui":null,"tag_ui":null,"background":null,"footer_bg":false,"canvas_ribbon":{"enable":false,"size":150,"alpha":0.6,"zIndex":-1,"click_to_change":false,"mobile":false},"canvas_ribbon_piao":{"enable":false,"mobile":false},"canvas_nest":{"enable":false,"color":"0,0,255","opacity":0.7,"zIndex":-1,"count":99,"mobile":false},"activate_power_mode":{"enable":false,"colorful":true,"shake":true},"fireworks":{"enable":false},"click_heart":{"enable":false},"ClickShowText":{"enable":false,"text":["I","LOVE","YOU"],"fontSize":"15px"},"display_mode":"light","beautify":{"enable":false,"field":"post","title-prefix-icon":"\\f0c1","title-prefix-icon-color":"#F47466"},"font":{"enable":false,"font-family":"Lato, Helvetica Neue For Number, -apple-system, BlinkMacSystemFont, Segoe UI, Roboto, PingFang SC, Hiragino Sans GB, MicrMicrosoft YaHei\", Helvetica Neue, Helvetica, Arial, sans-serif","code-font":"consolas, Menlo, \"PingFang SC\", \"Microsoft YaHei\", monospace, Helvetica Neue For Number"},"blog_title_font":{"font_link":"https://fonts.googleapis.com/css?family=Titillium+Web","font-family":"Titillium Web, PingFang SC, Hiragino Sans GB, \"Microsoft YaHei\", Helvetica Neue, Helvetica, Arial, sans-serif"},"hr":{"enable":false,"icon":"\\f21c","icon-top":"-20px"},"subtitle":{"enable":true,"effect":true,"loop":false,"source":false,"sub":["今日事&#44;今日畢","Never put off till tomorrow what you can do today"]},"fontawesome_v5":{"enable":false},"preloader":false,"aside":{"enable":true,"mobile":true,"position":"right","card_author":{"enable":true,"description":null},"card_announcement":{"enable":true,"content":"This is my Blog"},"card_recent_post":{"enable":true,"limit":5},"card_categories":{"enable":true,"limit":8},"card_tags":{"enable":true,"limit":40,"color":false},"card_archives":{"enable":true,"type":"monthly","format":"MMMM YYYY","order":-1,"limit":8},"card_webinfo":true},"busuanzi":{"site_uv":true,"site_pv":true,"page_pv":true},"runtimeshow":{"enable":true,"start_date":"6/7/2018 00:00:00"},"translate":{"enable":true,"default":"繁","defaultEncoding":2,"translateDelay":0,"cookieDomain":"https://xxx/","msgToTraditionalChinese":"繁","msgToSimplifiedChinese":"簡"},"readmode":{"enable":true},"darkmode":{"enable":true,"button":true,"autoChangeMode":1},"medium_zoom":{"enable":false},"fancybox":{"enable":true},"snackbar":{"enable":false,"position":"bottom-left","bg_light":"#49b1f5","bg_dark":"#2d3035"},"baidu_push":{"enable":false},"instantpage":{"enable":true},"pangu":{"enable":false,"field":"page"},"note":{"style":"flat","icons":true,"border_radius":3,"light_bg_offset":0},"lazyload":false,"canonical":true,"disable_baidu_transformation":true,"twitter_meta":true,"Open_Graph_meta":true,"fragment_cache":true,"inject":{"head":null,"bottom":null},"CDN":{"main_css":"/css/index.css","jquery":"https://cdn.jsdelivr.net/npm/jquery@latest/dist/jquery.min.js","main":"/js/main.js","utils":"/js/utils.js","blueimp_md5":"https://cdn.jsdelivr.net/npm/blueimp-md5/js/md5.min.js","gitalk":"https://cdn.jsdelivr.net/npm/gitalk@latest/dist/gitalk.min.js","gitalk_css":"https://cdn.jsdelivr.net/npm/gitalk/dist/gitalk.min.css","valine":"https://cdn.jsdelivr.net/npm/valine/dist/Valine.min.js","disqusjs":"https://cdn.jsdelivr.net/npm/disqusjs@1.2/dist/disqus.js","disqusjs_css":"https://cdn.jsdelivr.net/npm/disqusjs@1.2/dist/disqusjs.css","utterances":"https://utteranc.es/client.js","addtoany":"https://static.addtoany.com/menu/page.js","sharejs":"https://cdn.jsdelivr.net/npm/social-share.js/dist/js/social-share.min.js","sharejs_css":"https://cdn.jsdelivr.net/npm/social-share.js/dist/css/share.min.css","local_search":"/js/search/local-search.js","algolia_js":"/js/search/algolia.js","algolia_search":"https://cdn.jsdelivr.net/npm/instantsearch.js@2.10.5/dist/instantsearch.min.js","algolia_search_css":"https://cdn.jsdelivr.net/npm/instantsearch.js@2.10.5/dist/instantsearch.min.css","mathjax":"https://cdn.jsdelivr.net/npm/mathjax/MathJax.js?config=TeX-AMS-MML_HTMLorMML","katex":"https://cdn.jsdelivr.net/npm/katex@latest/dist/katex.min.css","katex_copytex":"https://cdn.jsdelivr.net/npm/katex-copytex@latest/dist/katex-copytex.min.js","katex_copytex_css":"https://cdn.jsdelivr.net/npm/katex-copytex@latest/dist/katex-copytex.min.css","mermaid":"https://cdn.jsdelivr.net/npm/mermaid/dist/mermaid.min.js","busuanzi":"//busuanzi.ibruce.info/busuanzi/2.3/busuanzi.pure.mini.js","canvas_ribbon":"/js/third-party/canvas-ribbon.js","canvas_ribbon_piao":"/js/third-party/piao.js","canvas_nest":"/js/third-party/canvas-nest.js","lazyload":"https://cdn.jsdelivr.net/npm/lozad/dist/lozad.min.js","instantpage":"https://cdn.jsdelivr.net/npm/instant.page@3/instantpage.min.js","typed":"https://cdn.jsdelivr.net/npm/typed.js","js_cookies":"https://cdn.jsdelivr.net/npm/js-cookie/dist/js.cookie.min.js","pangu":"https://cdn.jsdelivr.net/npm/pangu/dist/browser/pangu.min.js","fancybox_css":"https://cdn.jsdelivr.net/npm/@fancyapps/fancybox@latest/dist/jquery.fancybox.min.css","fancybox":"https://cdn.jsdelivr.net/npm/@fancyapps/fancybox@latest/dist/jquery.fancybox.min.js","medium_zoom":"https://cdn.jsdelivr.net/npm/medium-zoom/dist/medium-zoom.min.js","snackbar_css":"https://cdn.jsdelivr.net/npm/node-snackbar/dist/snackbar.min.css","snackbar":"https://cdn.jsdelivr.net/npm/node-snackbar/dist/snackbar.min.js","anime":"https://cdn.jsdelivr.net/npm/animejs@latest/anime.min.js","activate_power_mode":"/js/third-party/activate-power-mode.js","fireworks":"/js/third-party/fireworks.js","click_heart":"/js/third-party/click_heart.js","ClickShowText":"/js/third-party/ClickShowText.js","fontawesome_v4":"https://cdn.jsdelivr.net/npm/font-awesome@latest/css/font-awesome.min.css","fontawesome_v5":"https://cdn.jsdelivr.net/npm/@fortawesome/fontawesome-free/css/all.min.css","translate":"/js/tw_cn.js"}}}],"Page":[],"Post":[{"title":"Hello World","_content":"Welcome to [Hexo](https://hexo.io/)! This is your very first post. Check [documentation](https://hexo.io/docs/) for more info. If you get any problems when using Hexo, you can find the answer in [troubleshooting](https://hexo.io/docs/troubleshooting.html) or you can ask me on [GitHub](https://github.com/hexojs/hexo/issues).\n\n## Quick Start\n\n### Create a new post\n\n``` bash\n$ hexo new \"My New Post\"\n```\n\nMore info: [Writing](https://hexo.io/docs/writing.html)\n\n### Run server\n\n``` bash\n$ hexo server\n```\n\nMore info: [Server](https://hexo.io/docs/server.html)\n\n### Generate static files\n\n``` bash\n$ hexo generate\n```\n\nMore info: [Generating](https://hexo.io/docs/generating.html)\n\n### Deploy to remote sites\n\n``` bash\n$ hexo deploy\n```\n\nMore info: [Deployment](https://hexo.io/docs/one-command-deployment.html)\n","source":"_posts/hello-world.md","raw":"---\ntitle: Hello World\n---\nWelcome to [Hexo](https://hexo.io/)! This is your very first post. Check [documentation](https://hexo.io/docs/) for more info. If you get any problems when using Hexo, you can find the answer in [troubleshooting](https://hexo.io/docs/troubleshooting.html) or you can ask me on [GitHub](https://github.com/hexojs/hexo/issues).\n\n## Quick Start\n\n### Create a new post\n\n``` bash\n$ hexo new \"My New Post\"\n```\n\nMore info: [Writing](https://hexo.io/docs/writing.html)\n\n### Run server\n\n``` bash\n$ hexo server\n```\n\nMore info: [Server](https://hexo.io/docs/server.html)\n\n### Generate static files\n\n``` bash\n$ hexo generate\n```\n\nMore info: [Generating](https://hexo.io/docs/generating.html)\n\n### Deploy to remote sites\n\n``` bash\n$ hexo deploy\n```\n\nMore info: [Deployment](https://hexo.io/docs/one-command-deployment.html)\n","slug":"hello-world","published":1,"date":"2020-05-28T08:55:39.328Z","updated":"2020-05-28T08:55:39.328Z","comments":1,"layout":"post","photos":[],"link":"","_id":"ckaqjtc090000wcuxdvf3e10k","content":"<p>Welcome to <a href=\"https://hexo.io/\" target=\"_blank\" rel=\"noopener\">Hexo</a>! This is your very first post. Check <a href=\"https://hexo.io/docs/\" target=\"_blank\" rel=\"noopener\">documentation</a> for more info. If you get any problems when using Hexo, you can find the answer in <a href=\"https://hexo.io/docs/troubleshooting.html\" target=\"_blank\" rel=\"noopener\">troubleshooting</a> or you can ask me on <a href=\"https://github.com/hexojs/hexo/issues\" target=\"_blank\" rel=\"noopener\">GitHub</a>.</p>\n<h2 id=\"Quick-Start\"><a href=\"#Quick-Start\" class=\"headerlink\" title=\"Quick Start\"></a>Quick Start</h2><h3 id=\"Create-a-new-post\"><a href=\"#Create-a-new-post\" class=\"headerlink\" title=\"Create a new post\"></a>Create a new post</h3><figure class=\"highlight bash\"><table><tr><td class=\"gutter\"><pre><span class=\"line\">1</span><br></pre></td><td class=\"code\"><pre><span class=\"line\">$ hexo new <span class=\"string\">\"My New Post\"</span></span><br></pre></td></tr></table></figure>\n\n<p>More info: <a href=\"https://hexo.io/docs/writing.html\" target=\"_blank\" rel=\"noopener\">Writing</a></p>\n<h3 id=\"Run-server\"><a href=\"#Run-server\" class=\"headerlink\" title=\"Run server\"></a>Run server</h3><figure class=\"highlight bash\"><table><tr><td class=\"gutter\"><pre><span class=\"line\">1</span><br></pre></td><td class=\"code\"><pre><span class=\"line\">$ hexo server</span><br></pre></td></tr></table></figure>\n\n<p>More info: <a href=\"https://hexo.io/docs/server.html\" target=\"_blank\" rel=\"noopener\">Server</a></p>\n<h3 id=\"Generate-static-files\"><a href=\"#Generate-static-files\" class=\"headerlink\" title=\"Generate static files\"></a>Generate static files</h3><figure class=\"highlight bash\"><table><tr><td class=\"gutter\"><pre><span class=\"line\">1</span><br></pre></td><td class=\"code\"><pre><span class=\"line\">$ hexo generate</span><br></pre></td></tr></table></figure>\n\n<p>More info: <a href=\"https://hexo.io/docs/generating.html\" target=\"_blank\" rel=\"noopener\">Generating</a></p>\n<h3 id=\"Deploy-to-remote-sites\"><a href=\"#Deploy-to-remote-sites\" class=\"headerlink\" title=\"Deploy to remote sites\"></a>Deploy to remote sites</h3><figure class=\"highlight bash\"><table><tr><td class=\"gutter\"><pre><span class=\"line\">1</span><br></pre></td><td class=\"code\"><pre><span class=\"line\">$ hexo deploy</span><br></pre></td></tr></table></figure>\n\n<p>More info: <a href=\"https://hexo.io/docs/one-command-deployment.html\" target=\"_blank\" rel=\"noopener\">Deployment</a></p>\n","site":{"data":{}},"excerpt":"","more":"<p>Welcome to <a href=\"https://hexo.io/\" target=\"_blank\" rel=\"noopener\">Hexo</a>! This is your very first post. Check <a href=\"https://hexo.io/docs/\" target=\"_blank\" rel=\"noopener\">documentation</a> for more info. If you get any problems when using Hexo, you can find the answer in <a href=\"https://hexo.io/docs/troubleshooting.html\" target=\"_blank\" rel=\"noopener\">troubleshooting</a> or you can ask me on <a href=\"https://github.com/hexojs/hexo/issues\" target=\"_blank\" rel=\"noopener\">GitHub</a>.</p>\n<h2 id=\"Quick-Start\"><a href=\"#Quick-Start\" class=\"headerlink\" title=\"Quick Start\"></a>Quick Start</h2><h3 id=\"Create-a-new-post\"><a href=\"#Create-a-new-post\" class=\"headerlink\" title=\"Create a new post\"></a>Create a new post</h3><figure class=\"highlight bash\"><table><tr><td class=\"gutter\"><pre><span class=\"line\">1</span><br></pre></td><td class=\"code\"><pre><span class=\"line\">$ hexo new <span class=\"string\">\"My New Post\"</span></span><br></pre></td></tr></table></figure>\n\n<p>More info: <a href=\"https://hexo.io/docs/writing.html\" target=\"_blank\" rel=\"noopener\">Writing</a></p>\n<h3 id=\"Run-server\"><a href=\"#Run-server\" class=\"headerlink\" title=\"Run server\"></a>Run server</h3><figure class=\"highlight bash\"><table><tr><td class=\"gutter\"><pre><span class=\"line\">1</span><br></pre></td><td class=\"code\"><pre><span class=\"line\">$ hexo server</span><br></pre></td></tr></table></figure>\n\n<p>More info: <a href=\"https://hexo.io/docs/server.html\" target=\"_blank\" rel=\"noopener\">Server</a></p>\n<h3 id=\"Generate-static-files\"><a href=\"#Generate-static-files\" class=\"headerlink\" title=\"Generate static files\"></a>Generate static files</h3><figure class=\"highlight bash\"><table><tr><td class=\"gutter\"><pre><span class=\"line\">1</span><br></pre></td><td class=\"code\"><pre><span class=\"line\">$ hexo generate</span><br></pre></td></tr></table></figure>\n\n<p>More info: <a href=\"https://hexo.io/docs/generating.html\" target=\"_blank\" rel=\"noopener\">Generating</a></p>\n<h3 id=\"Deploy-to-remote-sites\"><a href=\"#Deploy-to-remote-sites\" class=\"headerlink\" title=\"Deploy to remote sites\"></a>Deploy to remote sites</h3><figure class=\"highlight bash\"><table><tr><td class=\"gutter\"><pre><span class=\"line\">1</span><br></pre></td><td class=\"code\"><pre><span class=\"line\">$ hexo deploy</span><br></pre></td></tr></table></figure>\n\n<p>More info: <a href=\"https://hexo.io/docs/one-command-deployment.html\" target=\"_blank\" rel=\"noopener\">Deployment</a></p>\n"}],"PostAsset":[],"PostCategory":[],"PostTag":[],"Tag":[]}}